Source,Target,Weight,Type,Layer,timeset,Label
0,8,1.0,INTERNAL,NAVARCH,"""<[0,27]>""",INTERNAL
0,19,1.0,INTERNAL,NAVARCH,"""<[0,27]>""",INTERNAL
1,8,1.0,INTERNAL,NAVARCH,"""<[0,27]>""",INTERNAL
2,8,1.0,INTERNAL,NAVARCH,"""<[0,27]>""",INTERNAL
3,8,1.0,INTERNAL,NAVARCH,"""<[0,27]>""",INTERNAL
4,17,1.0,INTERNAL,NAVARCH,"""<[0,27]>""",INTERNAL
5,18,1.0,INTERNAL,NAVARCH,"""<[0,27]>""",INTERNAL
6,17,1.0,INTERNAL,NAVARCH,"""<[0,27]>""",INTERNAL
6,18,1.0,INTERNAL,NAVARCH,"""<[0,27]>""",INTERNAL
7,19,1.0,INTERNAL,NAVARCH,"""<[0,27]>""",INTERNAL
8,21,1.0,INTERNAL,NAVARCH,"""<[0,27]>""",INTERNAL
9,21,1.0,INTERNAL,NAVARCH,"""<[0,27]>""",INTERNAL
10,15,1.0,INTERNAL,NAVARCH,"""<[0,27]>""",INTERNAL
10,31,1.0,INTERNAL,NAVARCH,"""<[0,27]>""",INTERNAL
10,30,1.0,INTERNAL,NAVARCH,"""<[0,27]>""",INTERNAL
11,14,1.0,INTERNAL,NAVARCH,"""<[0,27]>""",INTERNAL
11,28,1.0,INTERNAL,NAVARCH,"""<[0,27]>""",INTERNAL
11,29,1.0,INTERNAL,NAVARCH,"""<[0,27]>""",INTERNAL
12,14,1.0,INTERNAL,NAVARCH,"""<[0,27]>""",INTERNAL
12,28,1.0,INTERNAL,NAVARCH,"""<[0,27]>""",INTERNAL
12,29,1.0,INTERNAL,NAVARCH,"""<[0,27]>""",INTERNAL
12,127,1.0,CREATE,BETWEEN,"""<[4,27]>""",CREATE
13,14,1.0,INTERNAL,NAVARCH,"""<[0,27]>""",INTERNAL
13,28,1.0,INTERNAL,NAVARCH,"""<[0,27]>""",INTERNAL
13,29,1.0,INTERNAL,NAVARCH,"""<[0,27]>""",INTERNAL
14,15,1.0,INTERNAL,NAVARCH,"""<[0,27]>""",INTERNAL
14,31,1.0,INTERNAL,NAVARCH,"""<[0,27]>""",INTERNAL
14,30,1.0,INTERNAL,NAVARCH,"""<[0,27]>""",INTERNAL
14,28,1.0,INTERNAL,NAVARCH,"""<[0,27]>""",INTERNAL
14,29,1.0,INTERNAL,NAVARCH,"""<[0,27]>""",INTERNAL
15,16,1.0,INTERNAL,NAVARCH,"""<[0,27]>""",INTERNAL
15,31,1.0,INTERNAL,NAVARCH,"""<[0,27]>""",INTERNAL
15,30,1.0,INTERNAL,NAVARCH,"""<[0,27]>""",INTERNAL
16,123,1.0,UPDATE,BETWEEN,"""<[12,27]>""",UPDATE
17,122,1.0,UPDATE,BETWEEN,"""<[10,27]>""",UPDATE
18,19,1.0,INTERNAL,NAVARCH,"""<[0,27]>""",INTERNAL
19,124,1.0,UPDATE,BETWEEN,"""<[14,27]>""",UPDATE
20,13,1.0,INTERNAL,NAVARCH,"""<[0,27]>""",INTERNAL
21,16,1.0,INTERNAL,NAVARCH,"""<[0,27]>""",INTERNAL
22,28,1.0,INTERNAL,NAVARCH,"""<[0,27]>""",INTERNAL
23,29,1.0,INTERNAL,NAVARCH,"""<[0,27]>""",INTERNAL
24,28,1.0,INTERNAL,NAVARCH,"""<[0,27]>""",INTERNAL
24,131,1.0,UPDATE,BETWEEN,"""<[17,27]>""",UPDATE
25,29,1.0,INTERNAL,NAVARCH,"""<[0,27]>""",INTERNAL
25,128,1.0,CREATE,BETWEEN,"""<[4,27]>""",CREATE
26,28,1.0,INTERNAL,NAVARCH,"""<[0,27]>""",INTERNAL
27,29,1.0,INTERNAL,NAVARCH,"""<[0,27]>""",INTERNAL
27,129,1.0,CREATE,BETWEEN,"""<[4,27]>""",CREATE
27,129,1.0,UPDATE,BETWEEN,"""<[22,27]>""",UPDATE
28,30,1.0,INTERNAL,NAVARCH,"""<[0,27]>""",INTERNAL
29,31,1.0,INTERNAL,NAVARCH,"""<[0,27]>""",INTERNAL
30,19,1.0,INTERNAL,NAVARCH,"""<[0,27]>""",INTERNAL
31,17,1.0,INTERNAL,NAVARCH,"""<[0,27]>""",INTERNAL
31,18,1.0,INTERNAL,NAVARCH,"""<[0,27]>""",INTERNAL
32,30,1.0,INTERNAL,NAVARCH,"""<[0,27]>""",INTERNAL
33,31,1.0,INTERNAL,NAVARCH,"""<[0,27]>""",INTERNAL
34,13,1.0,INTERNAL,NAVARCH,"""<[0,27]>""",INTERNAL
34,130,1.0,CREATE,BETWEEN,"""<[4,27]>""",CREATE
35,61,1.0,INTERNAL,OPS,"""<[0,27]>""",INTERNAL
36,47,1.0,INTERNAL,OPS,"""<[0,27]>""",INTERNAL
36,48,1.0,INTERNAL,OPS,"""<[0,27]>""",INTERNAL
36,49,1.0,INTERNAL,OPS,"""<[0,27]>""",INTERNAL
37,47,1.0,INTERNAL,OPS,"""<[0,27]>""",INTERNAL
37,48,1.0,INTERNAL,OPS,"""<[0,27]>""",INTERNAL
37,49,1.0,INTERNAL,OPS,"""<[0,27]>""",INTERNAL
38,47,1.0,INTERNAL,OPS,"""<[0,27]>""",INTERNAL
38,48,1.0,INTERNAL,OPS,"""<[0,27]>""",INTERNAL
38,49,1.0,INTERNAL,OPS,"""<[0,27]>""",INTERNAL
39,79,1.0,INTERNAL,OPS,"""<[0,27]>""",INTERNAL
39,51,1.0,INTERNAL,OPS,"""<[0,27]>""",INTERNAL
39,118,1.0,SELECT,BETWEEN,"""<[6,27]>""",SELECT
40,80,1.0,INTERNAL,OPS,"""<[0,27]>""",INTERNAL
40,36,1.0,INTERNAL,OPS,"""<[0,27]>""",INTERNAL
40,119,1.0,SELECT,BETWEEN,"""<[6,27]>""",SELECT
41,81,1.0,INTERNAL,OPS,"""<[0,27]>""",INTERNAL
41,37,1.0,INTERNAL,OPS,"""<[0,27]>""",INTERNAL
41,120,1.0,SELECT,BETWEEN,"""<[6,27]>""",SELECT
42,82,1.0,INTERNAL,OPS,"""<[0,27]>""",INTERNAL
42,38,1.0,INTERNAL,OPS,"""<[0,27]>""",INTERNAL
42,121,1.0,SELECT,BETWEEN,"""<[6,27]>""",SELECT
43,51,1.0,INTERNAL,OPS,"""<[0,27]>""",INTERNAL
44,36,1.0,INTERNAL,OPS,"""<[0,27]>""",INTERNAL
45,37,1.0,INTERNAL,OPS,"""<[0,27]>""",INTERNAL
46,38,1.0,INTERNAL,OPS,"""<[0,27]>""",INTERNAL
47,48,1.0,INTERNAL,OPS,"""<[0,27]>""",INTERNAL
47,49,1.0,INTERNAL,OPS,"""<[0,27]>""",INTERNAL
47,127,1.0,UPDATE,BETWEEN,"""<[8,27]>""",UPDATE
48,131,1.0,CREATE,BETWEEN,"""<[15,27]>""",CREATE
49,128,1.0,UPDATE,BETWEEN,"""<[8,27]>""",UPDATE
50,91,1.0,INTERNAL,OPS,"""<[0,27]>""",INTERNAL
50,92,1.0,INTERNAL,OPS,"""<[0,27]>""",INTERNAL
50,94,1.0,INTERNAL,OPS,"""<[0,27]>""",INTERNAL
50,93,1.0,INTERNAL,OPS,"""<[0,27]>""",INTERNAL
50,79,1.0,INTERNAL,OPS,"""<[0,27]>""",INTERNAL
50,80,1.0,INTERNAL,OPS,"""<[0,27]>""",INTERNAL
50,81,1.0,INTERNAL,OPS,"""<[0,27]>""",INTERNAL
50,82,1.0,INTERNAL,OPS,"""<[0,27]>""",INTERNAL
51,47,1.0,INTERNAL,OPS,"""<[0,27]>""",INTERNAL
51,48,1.0,INTERNAL,OPS,"""<[0,27]>""",INTERNAL
51,49,1.0,INTERNAL,OPS,"""<[0,27]>""",INTERNAL
52,64,1.0,INTERNAL,OPS,"""<[0,27]>""",INTERNAL
52,59,1.0,INTERNAL,OPS,"""<[0,27]>""",INTERNAL
53,35,1.0,INTERNAL,OPS,"""<[0,27]>""",INTERNAL
53,56,1.0,INTERNAL,OPS,"""<[0,27]>""",INTERNAL
54,79,1.0,INTERNAL,OPS,"""<[0,27]>""",INTERNAL
54,80,1.0,INTERNAL,OPS,"""<[0,27]>""",INTERNAL
54,81,1.0,INTERNAL,OPS,"""<[0,27]>""",INTERNAL
54,82,1.0,INTERNAL,OPS,"""<[0,27]>""",INTERNAL
55,130,1.0,UPDATE,BETWEEN,"""<[8,27]>""",UPDATE
56,79,1.0,INTERNAL,OPS,"""<[0,27]>""",INTERNAL
57,80,1.0,INTERNAL,OPS,"""<[0,27]>""",INTERNAL
58,81,1.0,INTERNAL,OPS,"""<[0,27]>""",INTERNAL
59,82,1.0,INTERNAL,OPS,"""<[0,27]>""",INTERNAL
60,79,1.0,INTERNAL,OPS,"""<[0,27]>""",INTERNAL
60,56,1.0,INTERNAL,OPS,"""<[0,27]>""",INTERNAL
60,57,1.0,INTERNAL,OPS,"""<[0,27]>""",INTERNAL
60,59,1.0,INTERNAL,OPS,"""<[0,27]>""",INTERNAL
60,58,1.0,INTERNAL,OPS,"""<[0,27]>""",INTERNAL
60,80,1.0,INTERNAL,OPS,"""<[0,27]>""",INTERNAL
60,81,1.0,INTERNAL,OPS,"""<[0,27]>""",INTERNAL
60,82,1.0,INTERNAL,OPS,"""<[0,27]>""",INTERNAL
61,132,1.0,UPDATE,BETWEEN,"""<[22,27]>""",UPDATE
62,61,1.0,INTERNAL,OPS,"""<[0,27]>""",INTERNAL
63,61,1.0,INTERNAL,OPS,"""<[0,27]>""",INTERNAL
64,61,1.0,INTERNAL,OPS,"""<[0,27]>""",INTERNAL
65,63,1.0,INTERNAL,OPS,"""<[0,27]>""",INTERNAL
65,58,1.0,INTERNAL,OPS,"""<[0,27]>""",INTERNAL
66,62,1.0,INTERNAL,OPS,"""<[0,27]>""",INTERNAL
66,57,1.0,INTERNAL,OPS,"""<[0,27]>""",INTERNAL
67,75,1.0,INTERNAL,OPS,"""<[0,27]>""",INTERNAL
68,76,1.0,INTERNAL,OPS,"""<[0,27]>""",INTERNAL
69,77,1.0,INTERNAL,OPS,"""<[0,27]>""",INTERNAL
70,78,1.0,INTERNAL,OPS,"""<[0,27]>""",INTERNAL
71,75,1.0,INTERNAL,OPS,"""<[0,27]>""",INTERNAL
72,76,1.0,INTERNAL,OPS,"""<[0,27]>""",INTERNAL
73,77,1.0,INTERNAL,OPS,"""<[0,27]>""",INTERNAL
74,78,1.0,INTERNAL,OPS,"""<[0,27]>""",INTERNAL
75,91,1.0,INTERNAL,OPS,"""<[0,27]>""",INTERNAL
75,79,1.0,INTERNAL,OPS,"""<[0,27]>""",INTERNAL
75,56,1.0,INTERNAL,OPS,"""<[0,27]>""",INTERNAL
76,92,1.0,INTERNAL,OPS,"""<[0,27]>""",INTERNAL
76,57,1.0,INTERNAL,OPS,"""<[0,27]>""",INTERNAL
76,80,1.0,INTERNAL,OPS,"""<[0,27]>""",INTERNAL
77,93,1.0,INTERNAL,OPS,"""<[0,27]>""",INTERNAL
77,58,1.0,INTERNAL,OPS,"""<[0,27]>""",INTERNAL
77,81,1.0,INTERNAL,OPS,"""<[0,27]>""",INTERNAL
78,94,1.0,INTERNAL,OPS,"""<[0,27]>""",INTERNAL
78,59,1.0,INTERNAL,OPS,"""<[0,27]>""",INTERNAL
78,82,1.0,INTERNAL,OPS,"""<[0,27]>""",INTERNAL
79,55,1.0,INTERNAL,OPS,"""<[0,27]>""",INTERNAL
80,55,1.0,INTERNAL,OPS,"""<[0,27]>""",INTERNAL
81,55,1.0,INTERNAL,OPS,"""<[0,27]>""",INTERNAL
82,55,1.0,INTERNAL,OPS,"""<[0,27]>""",INTERNAL
83,48,1.0,INTERNAL,OPS,"""<[0,27]>""",INTERNAL
84,49,1.0,INTERNAL,OPS,"""<[0,27]>""",INTERNAL
85,48,1.0,INTERNAL,OPS,"""<[0,27]>""",INTERNAL
86,49,1.0,INTERNAL,OPS,"""<[0,27]>""",INTERNAL
87,48,1.0,INTERNAL,OPS,"""<[0,27]>""",INTERNAL
88,49,1.0,INTERNAL,OPS,"""<[0,27]>""",INTERNAL
89,48,1.0,INTERNAL,OPS,"""<[0,27]>""",INTERNAL
90,49,1.0,INTERNAL,OPS,"""<[0,27]>""",INTERNAL
91,35,1.0,INTERNAL,OPS,"""<[0,27]>""",INTERNAL
92,62,1.0,INTERNAL,OPS,"""<[0,27]>""",INTERNAL
93,63,1.0,INTERNAL,OPS,"""<[0,27]>""",INTERNAL
94,64,1.0,INTERNAL,OPS,"""<[0,27]>""",INTERNAL
95,99,1.0,INTERNAL,DIST,"""<[0,27]>""",INTERNAL
96,99,1.0,INTERNAL,DIST,"""<[0,27]>""",INTERNAL
97,106,1.0,INTERNAL,DIST,"""<[0,27]>""",INTERNAL
97,126,1.0,UPDATE,BETWEEN,"""<[26,27]>""",UPDATE
98,108,1.0,INTERNAL,DIST,"""<[0,27]>""",INTERNAL
98,106,1.0,INTERNAL,DIST,"""<[0,27]>""",INTERNAL
98,132,1.0,CREATE,BETWEEN,"""<[20,27]>""",CREATE
99,107,1.0,INTERNAL,DIST,"""<[0,27]>""",INTERNAL
99,108,1.0,INTERNAL,DIST,"""<[0,27]>""",INTERNAL
100,106,1.0,INTERNAL,DIST,"""<[0,27]>""",INTERNAL
101,107,1.0,INTERNAL,DIST,"""<[0,27]>""",INTERNAL
102,107,1.0,INTERNAL,DIST,"""<[0,27]>""",INTERNAL
103,107,1.0,INTERNAL,DIST,"""<[0,27]>""",INTERNAL
103,129,1.0,SELECT,BETWEEN,"""<[20,27]>""",SELECT
104,107,1.0,INTERNAL,DIST,"""<[0,27]>""",INTERNAL
104,128,1.0,SELECT,BETWEEN,"""<[20,27]>""",SELECT
105,107,1.0,INTERNAL,DIST,"""<[0,27]>""",INTERNAL
106,107,1.0,INTERNAL,DIST,"""<[0,27]>""",INTERNAL
107,108,1.0,INTERNAL,DIST,"""<[0,27]>""",INTERNAL
108,125,1.0,UPDATE,BETWEEN,"""<[24,27]>""",UPDATE
109,118,1.0,CREATE,BETWEEN,"""<[2,27]>""",CREATE
109,113,1.0,PROJ,K_GLOBAL,"""<[27,27]>""",PROJ
109,114,1.0,PROJ,K_GLOBAL,"""<[27,27]>""",PROJ
109,115,1.0,PROJ,K_GLOBAL,"""<[27,27]>""",PROJ
109,116,1.0,PROJ,K_GLOBAL,"""<[27,27]>""",PROJ
110,119,1.0,CREATE,BETWEEN,"""<[2,27]>""",CREATE
110,113,1.0,PROJ,K_GLOBAL,"""<[27,27]>""",PROJ
110,114,1.0,PROJ,K_GLOBAL,"""<[27,27]>""",PROJ
110,115,1.0,PROJ,K_GLOBAL,"""<[27,27]>""",PROJ
110,116,1.0,PROJ,K_GLOBAL,"""<[27,27]>""",PROJ
111,120,1.0,CREATE,BETWEEN,"""<[2,27]>""",CREATE
111,113,1.0,PROJ,K_GLOBAL,"""<[27,27]>""",PROJ
111,114,1.0,PROJ,K_GLOBAL,"""<[27,27]>""",PROJ
111,115,1.0,PROJ,K_GLOBAL,"""<[27,27]>""",PROJ
111,116,1.0,PROJ,K_GLOBAL,"""<[27,27]>""",PROJ
112,121,1.0,CREATE,BETWEEN,"""<[2,27]>""",CREATE
112,113,1.0,PROJ,K_GLOBAL,"""<[27,27]>""",PROJ
112,114,1.0,PROJ,K_GLOBAL,"""<[27,27]>""",PROJ
112,115,1.0,PROJ,K_GLOBAL,"""<[27,27]>""",PROJ
112,116,1.0,PROJ,K_GLOBAL,"""<[27,27]>""",PROJ
113,122,1.0,CREATE,BETWEEN,"""<[2,27]>""",CREATE
114,123,1.0,CREATE,BETWEEN,"""<[2,27]>""",CREATE
115,124,1.0,CREATE,BETWEEN,"""<[2,27]>""",CREATE
116,125,1.0,CREATE,BETWEEN,"""<[2,27]>""",CREATE
117,126,1.0,CREATE,BETWEEN,"""<[2,27]>""",CREATE
117,116,1.0,PROJ,K_GLOBAL,"""<[27,27]>""",PROJ
118,39,1.0,SELECT,BETWEEN,"""<[7,27]>""",SELECT
118,39,1.0,UPDATE,BETWEEN,"""<[7,27]>""",UPDATE
118,127,1.0,PROJ,I_GLOBAL,"""<[8,27]>""",PROJ
118,128,1.0,PROJ,I_GLOBAL,"""<[8,27]>""",PROJ
118,130,1.0,PROJ,I_GLOBAL,"""<[8,27]>""",PROJ
118,131,1.0,PROJ,I_GLOBAL,"""<[15,27]>""",PROJ
119,40,1.0,SELECT,BETWEEN,"""<[7,27]>""",SELECT
119,40,1.0,UPDATE,BETWEEN,"""<[7,27]>""",UPDATE
119,127,1.0,PROJ,I_GLOBAL,"""<[8,27]>""",PROJ
119,128,1.0,PROJ,I_GLOBAL,"""<[8,27]>""",PROJ
119,130,1.0,PROJ,I_GLOBAL,"""<[8,27]>""",PROJ
119,131,1.0,PROJ,I_GLOBAL,"""<[15,27]>""",PROJ
120,41,1.0,SELECT,BETWEEN,"""<[7,27]>""",SELECT
120,41,1.0,UPDATE,BETWEEN,"""<[7,27]>""",UPDATE
120,127,1.0,PROJ,I_GLOBAL,"""<[8,27]>""",PROJ
120,128,1.0,PROJ,I_GLOBAL,"""<[8,27]>""",PROJ
120,130,1.0,PROJ,I_GLOBAL,"""<[8,27]>""",PROJ
120,131,1.0,PROJ,I_GLOBAL,"""<[15,27]>""",PROJ
121,42,1.0,SELECT,BETWEEN,"""<[7,27]>""",SELECT
121,42,1.0,UPDATE,BETWEEN,"""<[7,27]>""",UPDATE
121,127,1.0,PROJ,I_GLOBAL,"""<[8,27]>""",PROJ
121,128,1.0,PROJ,I_GLOBAL,"""<[8,27]>""",PROJ
121,130,1.0,PROJ,I_GLOBAL,"""<[8,27]>""",PROJ
121,131,1.0,PROJ,I_GLOBAL,"""<[15,27]>""",PROJ
122,17,1.0,SELECT,BETWEEN,"""<[3,27]>""",SELECT
122,113,1.0,UPDATE,BETWEEN,"""<[27,27]>""",UPDATE
123,16,1.0,SELECT,BETWEEN,"""<[11,27]>""",SELECT
123,114,1.0,UPDATE,BETWEEN,"""<[27,27]>""",UPDATE
124,19,1.0,SELECT,BETWEEN,"""<[13,27]>""",SELECT
124,115,1.0,UPDATE,BETWEEN,"""<[27,27]>""",UPDATE
125,108,1.0,SELECT,BETWEEN,"""<[19,27]>""",SELECT
125,116,1.0,UPDATE,BETWEEN,"""<[27,27]>""",UPDATE
126,97,1.0,SELECT,BETWEEN,"""<[25,27]>""",SELECT
126,125,1.0,PROJ,I_GLOBAL,"""<[25,27]>""",PROJ
126,117,1.0,UPDATE,BETWEEN,"""<[27,27]>""",UPDATE
127,47,1.0,SELECT,BETWEEN,"""<[5,27]>""",SELECT
127,128,1.0,PROJ,I_GLOBAL,"""<[8,27]>""",PROJ
127,12,1.0,UPDATE,BETWEEN,"""<[9,27]>""",UPDATE
127,122,1.0,PROJ,I_GLOBAL,"""<[10,27]>""",PROJ
127,123,1.0,PROJ,I_GLOBAL,"""<[12,27]>""",PROJ
127,124,1.0,PROJ,I_GLOBAL,"""<[14,27]>""",PROJ
127,131,1.0,PROJ,I_GLOBAL,"""<[15,27]>""",PROJ
128,49,1.0,SELECT,BETWEEN,"""<[5,27]>""",SELECT
128,25,1.0,UPDATE,BETWEEN,"""<[9,27]>""",UPDATE
128,122,1.0,PROJ,I_GLOBAL,"""<[10,27]>""",PROJ
128,124,1.0,PROJ,I_GLOBAL,"""<[14,27]>""",PROJ
128,104,1.0,UPDATE,BETWEEN,"""<[21,27]>""",UPDATE
128,125,1.0,PROJ,I_GLOBAL,"""<[24,27]>""",PROJ
129,27,1.0,UPDATE,BETWEEN,"""<[9,27]>""",UPDATE
129,27,1.0,SELECT,BETWEEN,"""<[21,27]>""",SELECT
129,122,1.0,PROJ,I_GLOBAL,"""<[10,27]>""",PROJ
129,124,1.0,PROJ,I_GLOBAL,"""<[14,27]>""",PROJ
129,103,1.0,UPDATE,BETWEEN,"""<[23,27]>""",UPDATE
129,125,1.0,PROJ,I_GLOBAL,"""<[24,27]>""",PROJ
130,55,1.0,SELECT,BETWEEN,"""<[5,27]>""",SELECT
130,34,1.0,UPDATE,BETWEEN,"""<[9,27]>""",UPDATE
130,122,1.0,PROJ,I_GLOBAL,"""<[10,27]>""",PROJ
130,123,1.0,PROJ,I_GLOBAL,"""<[12,27]>""",PROJ
130,124,1.0,PROJ,I_GLOBAL,"""<[14,27]>""",PROJ
131,24,1.0,SELECT,BETWEEN,"""<[16,27]>""",SELECT
131,124,1.0,PROJ,I_GLOBAL,"""<[16,27]>""",PROJ
131,48,1.0,UPDATE,BETWEEN,"""<[18,27]>""",UPDATE
132,61,1.0,SELECT,BETWEEN,"""<[21,27]>""",SELECT
132,98,1.0,UPDATE,BETWEEN,"""<[23,27]>""",UPDATE
132,125,1.0,PROJ,I_GLOBAL,"""<[24,27]>""",PROJ
